name,bio,follower_count,tweet_text,tweet_id,fav_count,rt_count,in_reply_to,mentions,is_retweet,is_quote,hashtags,emojicons,time
Philippe Poutou,"Ouvrier dans l'automobile, licenci√© par Ford, porte-parole du NPA et candidat √† la pr√©sidentielle de 2022.",180494,"Philippe Poutou est invit√© par 5 associations de @sciencespo Paris.
De nombreux √©tudiants et √©tudiantes n‚Äôont pas pu entrer dans la salle d‚Äôune capacit√© de 100 personnes. Un accueil tr√®s chaleureux ! 

#Poutou
#poutou2022 https://t.co/2rDrh5jXDX",1453717060102594562,886,100,,sciencespo,False,False,"Poutou, poutou2022",,2021-10-28 13:35:30
Philippe Poutou,"Ouvrier dans l'automobile, licenci√© par Ford, porte-parole du NPA et candidat √† la pr√©sidentielle de 2022.",180494,Cycle pr√©sidentiel - Philippe Poutou √† Sciences Po https://t.co/0uVJM6pojS via @YouTube,1453708801685741576,38,10,,YouTube,False,False,,,2021-10-28 13:02:41
Philippe Poutou,"Ouvrier dans l'automobile, licenci√© par Ford, porte-parole du NPA et candidat √† la pr√©sidentielle de 2022.",180494,"Invit√© √† Sciences Po, rendez-vous √† partir de 14h45, avec aussi une diffusion live sur YouTube ! 
https://t.co/jP2NXf1J4k https://t.co/cx16aNm4PU",1453700651809218565,144,20,,,False,False,,,2021-10-28 12:30:18
Philippe Poutou,"Ouvrier dans l'automobile, licenci√© par Ford, porte-parole du NPA et candidat √† la pr√©sidentielle de 2022.",180494,Soutien √† elles et eux ! https://t.co/U7bWgQD5UQ,1453448568417800199,1467,362,,,False,True,,,2021-10-27 19:48:37
Philippe Poutou,"Ouvrier dans l'automobile, licenci√© par Ford, porte-parole du NPA et candidat √† la pr√©sidentielle de 2022.",180494,"Soutien aux salari√©-es des usines de Labeyrie dans les Landes, en gr√®ve depuis le 15 octobre, pour augmenter leurs salaires et pour am√©liorer leurs conditions de travail. Solidarit√©. https://t.co/gMA8j1cLpm",1453411833541431297,311,79,,,False,False,,,2021-10-27 17:22:38
Philippe Poutou,"Ouvrier dans l'automobile, licenci√© par Ford, porte-parole du NPA et candidat √† la pr√©sidentielle de 2022.",180494,"Une interview chez @NPolony sur @BFMTV demain soir √©tait cal√©e depuis d√©but octobre. Agenda bloqu√©, trains r√©serv√©s, logement √† Paris g√©r√©... Et puis la veille, d'un coup, annulation. Pour le respect, on repassera. Ainsi va la vie des ""grands m√©dias"" et des ""petits candidats"".",1453301099927060488,7804,1644,,"NPolony, BFMTV",False,False,,,2021-10-27 10:02:37
Philippe Poutou,"Ouvrier dans l'automobile, licenci√© par Ford, porte-parole du NPA et candidat √† la pr√©sidentielle de 2022.",180494,Poing d'actu num√©ro 4 : la prime mis√®re de 100 euros. https://t.co/sCjeiBJ5pk,1452711558207922186,563,152,,,False,False,,,2021-10-25 19:00:00
Philippe Poutou,"Ouvrier dans l'automobile, licenci√© par Ford, porte-parole du NPA et candidat √† la pr√©sidentielle de 2022.",180494,"RT @acrimed_info: ¬´ La police tue ¬ª : temp√™te polici√®re dans un verre m√©diatique
https://t.co/joSgFMtQwJ",1452243165134696452,0,115,,acrimed_info,True,False,,,2021-10-24 11:58:46
Philippe Poutou,"Ouvrier dans l'automobile, licenci√© par Ford, porte-parole du NPA et candidat √† la pr√©sidentielle de 2022.",180494,RT @NPA_officiel: La campagne immonde contre Anasse Kazib montre √† quel point les fachos se sentent tout permis dans un climat politique gl‚Ä¶,1451890939027415044,0,175,,NPA_officiel,True,False,,,2021-10-23 12:39:09
Philippe Poutou,"Ouvrier dans l'automobile, licenci√© par Ford, porte-parole du NPA et candidat √† la pr√©sidentielle de 2022.",180494,https://t.co/WrNj4QuJR0,1451802364915200000,581,144,,,False,False,,,2021-10-23 06:47:11
Philippe Poutou,"Ouvrier dans l'automobile, licenci√© par Ford, porte-parole du NPA et candidat √† la pr√©sidentielle de 2022.",180494,https://t.co/7hZlWeQE5g,1451591962679812130,71,15,,,False,False,,,2021-10-22 16:51:07
Philippe Poutou,"Ouvrier dans l'automobile, licenci√© par Ford, porte-parole du NPA et candidat √† la pr√©sidentielle de 2022.",180494,"#LCI #100euros ¬´Quand on a des difficult√©s financi√®res, bien s√ªr que 100 euros √ßa soulage‚Ä¶ Mais au vu des richesses qui existent dans la soci√©t√©, pourquoi on nous demande de nous contenter de √ßa ?¬ª",1451449052890083354,1639,291,,,False,False,"LCI, 100euros",,2021-10-22 07:23:15
Philippe Poutou,"Ouvrier dans l'automobile, licenci√© par Ford, porte-parole du NPA et candidat √† la pr√©sidentielle de 2022.",180494,#LCI ¬´On nous dit que les salaires ne peuvent pas augmenter sinon √ßa menacerait l'√©conomie. Mais que les profits augmentent √ßa ne g√®ne pas le gouvernement. Le Fran√ßais le plus riche a 150 milliards et on nous dit de vivre avec moins de 2000 euros¬ª,1451447231215775758,3024,720,,,False,False,LCI,,2021-10-22 07:16:01
Philippe Poutou,"Ouvrier dans l'automobile, licenci√© par Ford, porte-parole du NPA et candidat √† la pr√©sidentielle de 2022.",180494,#LCI ¬´100 euros c'est ridicule face √† l'augmentation des prix. Le gouvernement a bien d'autres leviers en main. Il faut augmenter les salaires.¬ª,1451446443298918400,1014,174,,,False,False,LCI,,2021-10-22 07:12:53
Philippe Poutou,"Ouvrier dans l'automobile, licenci√© par Ford, porte-parole du NPA et candidat √† la pr√©sidentielle de 2022.",180494,"@LCI ¬´Quand on voit l'augmentation des grosses fortunes, c'est clair que la prime de 100 euros ce n'est rien¬ª",1451445989429162029,2,0,LCI,LCI,False,False,,,2021-10-22 07:11:05
Philippe Poutou,"Ouvrier dans l'automobile, licenci√© par Ford, porte-parole du NPA et candidat √† la pr√©sidentielle de 2022.",180494,@LCI ¬´Les 100 euros c'est d√©risoire par rapport √† tout ce qui augmente. Les revenus sont tr√®s bas. Le gouvernement a d‚Äôautres outils entre les mains. La meilleure r√©ponse est d'augmenter les salaires¬ª,1451445437387452422,4,0,LCI,LCI,False,False,,,2021-10-22 07:08:53
Philippe Poutou,"Ouvrier dans l'automobile, licenci√© par Ford, porte-parole du NPA et candidat √† la pr√©sidentielle de 2022.",180494,"Gros chantage bourrin de #Blanquer aux enseignant-es. Mais quelles sont les valeurs de la R√©publique ? Le ch√¥mage, les in√©galit√©s sociales, l‚Äôexploitation, l‚Äôindividualisme, l‚Äô√©vasion fiscale, l‚Äôexpulsion des r√©fugi√©s, la r√©pression ? L‚Äô√©cole n‚Äôaurait rien d‚Äôautre √† transmettre ?",1451097537797148677,2535,580,,,False,False,Blanquer,,2021-10-21 08:06:27
Philippe Poutou,"Ouvrier dans l'automobile, licenci√© par Ford, porte-parole du NPA et candidat √† la pr√©sidentielle de 2022.",180494,"A Darmanin qui d√©pose plainte, aux syndicats policiers d‚Äôextr√™me-droite et √† tous les excit√©s r√©actionnaires qui ne supportent pas la moindre remise en cause, le d√©bat ou qui ne respectent m√™me pas la simple libert√© d‚Äôexpression politique : le ridicule, lui au moins, ne tue pas.",1450826088087707661,12109,2883,,,False,False,,,2021-10-20 14:07:49
Philippe Poutou,"Ouvrier dans l'automobile, licenci√© par Ford, porte-parole du NPA et candidat √† la pr√©sidentielle de 2022.",180494,"Face √† l‚Äôautoritarisme en Tunisie, solidarit√© avec la militante et journaliste Arroi Baraket ! 

#freearroibaraket #stopimpunite #stopviolencespolicieres

https://t.co/OCR3fntXX0",1450529757905539083,64,17,,,False,False,"freearroibaraket, stopimpunite, stopviolencespolicieres",,2021-10-19 18:30:18
Philippe Poutou,"Ouvrier dans l'automobile, licenci√© par Ford, porte-parole du NPA et candidat √† la pr√©sidentielle de 2022.",180494,"Face aux violentes attaques de l'extr√™me droite √† Lyon et partout sur le territoire, dans un contexte pourri marqu√© par l'omnipr√©sence des fascistes et de leurs id√©es dans les m√©dias et dans le d√©bat politique, manifestation ce samedi √† Lyon ! 
#23OctobreLyon #StopExtremeDroite https://t.co/WcsuK37L6B",1450414168234938369,1245,373,,,False,False,"23OctobreLyon, StopExtremeDroite",,2021-10-19 10:50:59
Philippe Poutou,"Ouvrier dans l'automobile, licenci√© par Ford, porte-parole du NPA et candidat √† la pr√©sidentielle de 2022.",180494,"RT @Mediapart: üî¥  ¬´ On met dans la t√™te des pauvres que si on est pauvre, c‚Äôest qu‚Äôon est con, c‚Äôest une mani√®re d‚Äô√©craser les gens ¬ª

@Phi‚Ä¶",1450172642925981702,0,303,,Mediapart,True,False,,:red_circle:,2021-10-18 18:51:15
Philippe Poutou,"Ouvrier dans l'automobile, licenci√© par Ford, porte-parole du NPA et candidat √† la pr√©sidentielle de 2022.",180494,""" On les aura un jour "" https://t.co/WozuTHfsga",1450156723914805258,219,20,,,False,True,,,2021-10-18 17:48:00
Philippe Poutou,"Ouvrier dans l'automobile, licenci√© par Ford, porte-parole du NPA et candidat √† la pr√©sidentielle de 2022.",180494,Soutien √† Salah Hamouri menac√© d'expulsion par l'√âtat d'Isra√´l ! Assez d'acharnement ! https://t.co/17RkmWr7O9,1450115890150772741,107,28,,,False,True,,,2021-10-18 15:05:44
Philippe Poutou,"Ouvrier dans l'automobile, licenci√© par Ford, porte-parole du NPA et candidat √† la pr√©sidentielle de 2022.",180494,A ce soir sur @Mediapart ! https://t.co/XrhnfXtO3W,1450031463454363652,997,133,,Mediapart,False,False,,,2021-10-18 09:30:15
Philippe Poutou,"Ouvrier dans l'automobile, licenci√© par Ford, porte-parole du NPA et candidat √† la pr√©sidentielle de 2022.",180494,"60 ans apr√®s le massacre du 17 octobre 1961, on n'oublie pas et on ne pardonne pas ce crime d'√âtat. https://t.co/QMJghEwlFv",1449780549145481216,1450,305,,,False,False,,,2021-10-17 16:53:13
Philippe Poutou,"Ouvrier dans l'automobile, licenci√© par Ford, porte-parole du NPA et candidat √† la pr√©sidentielle de 2022.",180494,"17 Octobre 1961: crime raciste, crime d‚Äô√âtat 
https://t.co/LZwwAoywW7",1449686086687547392,217,54,,,False,False,,,2021-10-17 10:37:51
Philippe Poutou,"Ouvrier dans l'automobile, licenci√© par Ford, porte-parole du NPA et candidat √† la pr√©sidentielle de 2022.",180494,"Autres temps, autres m≈ìurs ? Il y a 60 ans, le 17 octobre 1961, le pr√©fet et la police tuaient 300 manifestants alg√©riens. Un v√©ritable massacre jamais reconnu comme un crime d‚ÄôEtat. M√©moire et solidarit√©. Les luttes anti-coloniale et anti-raciste sont d‚Äôune actualit√© br√ªlante. https://t.co/TRyhqda0YG",1449671962998059012,3795,993,,,False,False,,,2021-10-17 09:41:44
Philippe Poutou,"Ouvrier dans l'automobile, licenci√© par Ford, porte-parole du NPA et candidat √† la pr√©sidentielle de 2022.",180494,"RT @PhilippePoutou: #Poutou2022
Pour l'urgence anticapitaliste et r√©volutionnaire, toutes et tous au meeting de #PhilippePoutou, candidat √†‚Ä¶",1449301355236110338,0,125,,PhilippePoutou,True,False,"Poutou2022, PhilippePoutou",,2021-10-16 09:09:04
Philippe Poutou,"Ouvrier dans l'automobile, licenci√© par Ford, porte-parole du NPA et candidat √† la pr√©sidentielle de 2022.",180494,https://t.co/uu6Sr4o2iq,1449088040727625732,8920,1923,,,False,False,,,2021-10-15 19:01:26
Philippe Poutou,"Ouvrier dans l'automobile, licenci√© par Ford, porte-parole du NPA et candidat √† la pr√©sidentielle de 2022.",180494,"Tu vas avoir des probl√®mes, toi. https://t.co/oeUkmAHWEB",1448963209948540928,4772,564,,,False,True,,,2021-10-15 10:45:24
Philippe Poutou,"Ouvrier dans l'automobile, licenci√© par Ford, porte-parole du NPA et candidat √† la pr√©sidentielle de 2022.",180494,"Autres r√©alit√©s : le travail et l‚Äôexploitation tuent, la pr√©carit√© et la pauvret√© tuent. En esp√©rant cette fois que la ministre du travail (et du ch√¥mage) ne d√©pose pas plainte.",1448918516783108108,21033,5959,,,False,False,,,2021-10-15 07:47:48
Philippe Poutou,"Ouvrier dans l'automobile, licenci√© par Ford, porte-parole du NPA et candidat √† la pr√©sidentielle de 2022.",180494,"""Ce qu'il s'agit de discuter, c'est: pourquoi la police r√©prime? On ne dit pas que c'est parce que les policiers sont g√©n√©tiquement m√©chants. Il y a une volont√© politique du gouvernement de r√©primer les manifestants, les jeunes dans les quartiers, la contestation sociale."" https://t.co/XYsGH883CS",1448747098225131520,5773,1576,,,False,False,,,2021-10-14 20:26:39
Philippe Poutou,"Ouvrier dans l'automobile, licenci√© par Ford, porte-parole du NPA et candidat √† la pr√©sidentielle de 2022.",180494,"""Est-ce qu'Adama Traor√© est mort en tombant tout seul? Est-ce que R√©mi Fraisse est mort en tombant tout seul? Reconnaissez au moins qu'il y a des jeunes, et des moins jeunes, qui meurent sous les coups de la police, sinon il n'y a rien √† discuter."" https://t.co/f9uc3z08ve",1448740312613064712,2785,724,,,False,False,,,2021-10-14 19:59:41
Philippe Poutou,"Ouvrier dans l'automobile, licenci√© par Ford, porte-parole du NPA et candidat √† la pr√©sidentielle de 2022.",180494,"""Derri√®re les chiffres, il y a des noms: Adama Traor√©, Steve √† Nantes, Zineb √† Marseille, R√©mi Fraisse... Il y a une r√©alit√©, et cette r√©alit√© vous ne voulez pas la reconna√Ætre."" https://t.co/p0js7FWSiJ",1448732552722894849,4864,1551,,,False,False,,,2021-10-14 19:28:51
Philippe Poutou,"Ouvrier dans l'automobile, licenci√© par Ford, porte-parole du NPA et candidat √† la pr√©sidentielle de 2022.",180494,"""Est-ce qu'on peut critiquer la police ? Est-ce qu'on peut critiquer la r√©pression ? Est-ce qu'on peut avoir un avis diff√©rent de celui du gouvernement et des syndicats de police ? Je crois que le probl√®me est clairement pos√©."" https://t.co/nBiDRPt6Ng",1448726817653895177,3168,891,,,False,False,,,2021-10-14 19:06:04
Philippe Poutou,"Ouvrier dans l'automobile, licenci√© par Ford, porte-parole du NPA et candidat √† la pr√©sidentielle de 2022.",180494,"√áa parle d√©rapage, propos injurieux et outrageant. Mais c‚Äôest la soci√©t√© qui d√©rape, qui est violente. La pauvret√©, la pr√©carit√©, les in√©galit√©s sociales, les humiliations, les souffrances sont telles qu‚Äôil y a bien urgence √† remettre en cause ce capitalisme injuste et ravageur.",1448721018063933444,8932,2263,,,False,False,,,2021-10-14 18:43:01
Philippe Poutou,"Ouvrier dans l'automobile, licenci√© par Ford, porte-parole du NPA et candidat √† la pr√©sidentielle de 2022.",180494,"[Communiqu√© du @NPA_officiel] 
""G√©rald Darmanin porte plainte contre Philippe Poutou: une grossi√®re op√©ration d‚Äôintimidation""
 https://t.co/2kfh7pv7tp",1448611996283424778,1159,340,,NPA_officiel,False,False,,,2021-10-14 11:29:48
Philippe Poutou,"Ouvrier dans l'automobile, licenci√© par Ford, porte-parole du NPA et candidat √† la pr√©sidentielle de 2022.",180494,"""Plus la crise est profonde, plus il y a d'in√©galit√©s sociales, plus il y a de tensions. Et la seule r√©ponse du gouvernement, c'est de r√©primer."" https://t.co/TSYJyLNGLv",1448597956094005249,1974,556,,,False,False,,,2021-10-14 10:34:01
Philippe Poutou,"Ouvrier dans l'automobile, licenci√© par Ford, porte-parole du NPA et candidat √† la pr√©sidentielle de 2022.",180494,"""Il y a une v√©ritable violence polici√®re. Et il y a une police qui peut tuer car elle est arm√©e, surarm√©e, et elle est dangereuse."" https://t.co/FpVFFMRuvj",1448585238762999811,3469,1161,,,False,False,,,2021-10-14 09:43:28
Philippe Poutou,"Ouvrier dans l'automobile, licenci√© par Ford, porte-parole du NPA et candidat √† la pr√©sidentielle de 2022.",180494,"""Zemmour est plus qu'un adversaire, c'est un ennemi, qui d√©fend des id√©es fascistes."" https://t.co/Z8hXO7J5vW",1448565302606839812,3926,758,,,False,False,,,2021-10-14 08:24:15
Philippe Poutou,"Ouvrier dans l'automobile, licenci√© par Ford, porte-parole du NPA et candidat √† la pr√©sidentielle de 2022.",180494,"En soutien aux √©tudiants et √©tudiantes sans-fac √† Nanterre, qui ne demandent rien d‚Äôautre que d‚Äôavoir le droit d‚Äô√©tudier, et dans de bonnes conditions. https://t.co/78psF44GXe",1448287937238638593,934,181,,,False,False,,,2021-10-13 14:02:06
Philippe Poutou,"Ouvrier dans l'automobile, licenci√© par Ford, porte-parole du NPA et candidat √† la pr√©sidentielle de 2022.",180494,Rendez-vous ce soir ! #Poutou2022 https://t.co/gbtfWY5vz1,1448208161119350784,173,36,,,False,False,Poutou2022,,2021-10-13 08:45:06
Philippe Poutou,"Ouvrier dans l'automobile, licenci√© par Ford, porte-parole du NPA et candidat √† la pr√©sidentielle de 2022.",180494,"Journ√©e du #StopBrevetCovid. Le refus de lever les brevets sur les vaccins covid √† l'OMC c‚Äôest 10 000 morts par jour en moyenne depuis la demande Afrique du Sud et Inde. Honte √† Macron, √† l'UE, aux brevets des capitalistes de Big Pharma ! Nos vies valent plus que leurs profits!",1448197189797400576,1086,266,,,False,False,StopBrevetCovid,,2021-10-13 08:01:30
Philippe Poutou,"Ouvrier dans l'automobile, licenci√© par Ford, porte-parole du NPA et candidat √† la pr√©sidentielle de 2022.",180494,"#SansFacs
#Poutou2022

Ces ¬´ sans-facs ¬ª d√©noncent la s√©lection √† l‚ÄôUniversit√©, √† l‚Äôentr√©e de la Licence et en Master, raison pour laquelle on les prive de la possibilit√© de pouvoir poursuivre leurs √©tudes. 

https://t.co/vjOvNjs6O0",1447970748530925568,81,18,,,False,False,"SansFacs, Poutou2022",,2021-10-12 17:01:43
Philippe Poutou,"Ouvrier dans l'automobile, licenci√© par Ford, porte-parole du NPA et candidat √† la pr√©sidentielle de 2022.",180494,"Et hop, du bon boulot ! https://t.co/mLtk3g67dZ",1447944118399864834,9655,1008,,,False,True,,,2021-10-12 15:15:53
Philippe Poutou,"Ouvrier dans l'automobile, licenci√© par Ford, porte-parole du NPA et candidat √† la pr√©sidentielle de 2022.",180494,"#Poutou2022
Pour l'urgence anticapitaliste et r√©volutionnaire, toutes et tous au meeting de #PhilippePoutou, candidat √† la #pr√©sidentielle, jeudi 21 octobre √† partir de 20h √† la Bellevilloise, Paris 20e. https://t.co/WYxr04ZGKL",1447932673389957130,481,125,,,False,False,"Poutou2022, PhilippePoutou, pr√©sidentielle",,2021-10-12 14:30:25
Philippe Poutou,"Ouvrier dans l'automobile, licenci√© par Ford, porte-parole du NPA et candidat √† la pr√©sidentielle de 2022.",180494,"RT @NPA13_: Nous sommes pr√©sents devant la Cour d‚Äôappel d‚ÄôAix-en-Provence avec Philippe Poutou pour soutenir Alec, Dany, Delphine et Olivie‚Ä¶",1447619198927126535,0,16,,NPA13_,True,False,,,2021-10-11 17:44:47
Philippe Poutou,"Ouvrier dans l'automobile, licenci√© par Ford, porte-parole du NPA et candidat √† la pr√©sidentielle de 2022.",180494,"En ce moment √† la r√©union publique organis√©e par le @NPA13_ pour discuter de la p√©riode, des luttes en cours, de la campagne pr√©sidentielle et de la n√©cessit√© de reprendre nos affaires en main ! #poutou2022 https://t.co/x4qocc3B1n",1447609924939403267,90,14,,NPA13_,False,False,poutou2022,,2021-10-11 17:07:56
Philippe Poutou,"Ouvrier dans l'automobile, licenci√© par Ford, porte-parole du NPA et candidat √† la pr√©sidentielle de 2022.",180494,"#Poutou2022

Poing d'actu num√©ro 2. Devant la cour d'appel d'Aix-en-Provence, en soutien √† 4 camarades interpell√©Es par la police lors d'une manifestation.
https://t.co/43iqWkAPau",1447604181695705094,78,20,,,False,False,Poutou2022,,2021-10-11 16:45:06
Philippe Poutou,"Ouvrier dans l'automobile, licenci√© par Ford, porte-parole du NPA et candidat √† la pr√©sidentielle de 2022.",180494,"#R√©pressionPolici√®re
#Poutou2022

Le 9/05/2019 √† Nice, √† la fin d‚Äôune manifestation syndicale contre la casse des services publics, Alec, Dany, Delphine et Olivier ont √©t√© violemment interpell√©s et mis en garde √† vue pendant 24h

https://t.co/6ri4yCcQCh",1447449428240048135,36,16,,,False,False,"R√©pressionPolici√®re, Poutou2022",,2021-10-11 06:30:10
Philippe Poutou,"Ouvrier dans l'automobile, licenci√© par Ford, porte-parole du NPA et candidat √† la pr√©sidentielle de 2022.",180494,"#PandoraPapers. Face aux scandales de l‚Äô√©vasion fiscale des riches et des gouvernants, pour v√©ritablement stopper le ph√©nom√®ne, il est incontournable d‚Äôexproprier et socialiser tout le syst√®me bancaire. C‚Äôest la seule fa√ßon d‚Äôassurer une transparence totale et un contr√¥le public.",1446779914141765637,1604,336,,,False,False,PandoraPapers,,2021-10-09 10:09:46
Philippe Poutou,"Ouvrier dans l'automobile, licenci√© par Ford, porte-parole du NPA et candidat √† la pr√©sidentielle de 2022.",180494,"¬´ Ces journ√©es de #gr√®ves et de #manifestions sont des √©tapes qui permettent de remobiliser et de discuter pour qu‚Äôil y ait un vrai mouvement d‚Äôensemble qui se reconstruise. ¬ª 
Interview de #Poutou2022 - manif du 5/10/2021 pour l'#emploi, les #salaires, les #DroitsSociaux. https://t.co/ISBOwKGBRC",1445433707779735553,287,54,,,False,False,"gr√®ves, manifestions, Poutou2022, emploi, salaires, DroitsSociaux",,2021-10-05 17:00:25
Philippe Poutou,"Ouvrier dans l'automobile, licenci√© par Ford, porte-parole du NPA et candidat √† la pr√©sidentielle de 2022.",180494,"Mercredi 6 octobre, Philippe Poutou en soutien aux gr√©vistes de Bergams √† Grigny (91)

https://t.co/Ul7YsX715R",1445350628558098433,37,6,,,False,False,,,2021-10-05 11:30:17
Philippe Poutou,"Ouvrier dans l'automobile, licenci√© par Ford, porte-parole du NPA et candidat √† la pr√©sidentielle de 2022.",180494,"R√©v√©lations encore sur des milliards d‚Äôeuros √©vad√©s d√©tourn√©s vol√©s par les grosses fortunes. A c√¥t√©, les retraites et indemnit√©s ch√¥mage sont attaqu√©es, les salaires restent bloqu√©s, les licenciements continuent ! Reste la r√©volte pour reprendre et redistribuer les richesses.",1445282645928202245,5491,1476,,,False,False,,,2021-10-05 07:00:09
Philippe Poutou,"Ouvrier dans l'automobile, licenci√© par Ford, porte-parole du NPA et candidat √† la pr√©sidentielle de 2022.",180494,"Emploi, salaires, droits sociaux: le 5 octobre, touTEs en gr√®ve et dans ... https://t.co/nCgJw9NTKk via @YouTube",1445075002001330205,190,59,,YouTube,False,False,,,2021-10-04 17:15:03
Philippe Poutou,"Ouvrier dans l'automobile, licenci√© par Ford, porte-parole du NPA et candidat √† la pr√©sidentielle de 2022.",180494,"""Philippe Poutou, candidat du NPA √† l‚Äô√©lection pr√©sidentielle, sera pr√©sent √† la manifestation organis√©e autour de la centrale nucl√©aire du Bugey le dimanche 3 octobre √† partir de 14h."" 

https://t.co/ClYIuxNSXC",1444380422201303043,91,14,,,False,False,,,2021-10-02 19:15:02
Philippe Poutou,"Ouvrier dans l'automobile, licenci√© par Ford, porte-parole du NPA et candidat √† la pr√©sidentielle de 2022.",180494,"RT @NPA13_: Lundi 11 octobre 18h30 r√©union publique √† Marseille avec @PhilippePoutou ! 

{contactez-nous pour plus d‚Äôinformations} https://‚Ä¶",1444258228523704320,0,24,,"NPA13_, PhilippePoutou",True,False,,,2021-10-02 11:09:29
Philippe Poutou,"Ouvrier dans l'automobile, licenci√© par Ford, porte-parole du NPA et candidat √† la pr√©sidentielle de 2022.",180494,"Castex veut nous enfumer: tout augmente sauf les salaires, les retraites et les allocations ! https://t.co/E4PNX6WPY1",1443879694366134285,295,89,,,False,False,,,2021-10-01 10:05:19
Philippe Poutou,"Ouvrier dans l'automobile, licenci√© par Ford, porte-parole du NPA et candidat √† la pr√©sidentielle de 2022.",180494,"En visite de solidarit√© avec les gr√©vistes de Transdev √† Bailly-Romainvilliers, en lutte pour leurs conditions de travail. https://t.co/2Z6fKHgp9A",1443533764261519360,220,26,,,False,False,,,2021-09-30 11:10:43
Philippe Poutou,"Ouvrier dans l'automobile, licenci√© par Ford, porte-parole du NPA et candidat √† la pr√©sidentielle de 2022.",180494,A propos de la bonne nouvelle du jour : #sarkozy et ses emmerdements. Il n‚Äôy aurait donc pas d‚Äôimmunit√© post-pr√©sidentielle syst√©matique ?,1443514190614904841,1627,233,,,False,False,sarkozy,,2021-09-30 09:52:56
Philippe Poutou,"Ouvrier dans l'automobile, licenci√© par Ford, porte-parole du NPA et candidat √† la pr√©sidentielle de 2022.",180494,"Jeudi 30 septembre, Philippe Poutou en soutien aux gr√©vistes de Transdev du 77 et du 95

https://t.co/nAt7LnJcjZ",1443282010072563720,47,7,,,False,False,,,2021-09-29 18:30:20
Philippe Poutou,"Ouvrier dans l'automobile, licenci√© par Ford, porte-parole du NPA et candidat √† la pr√©sidentielle de 2022.",180494,"Visas pour les ressortissantEs du Maghreb: surench√®re raciste du pouvoir (d√©claration de Philippe Poutou)

https://t.co/qj8tbEiwGY",1443235650342432773,46,12,,,False,False,,,2021-09-29 15:26:07
Philippe Poutou,"Ouvrier dans l'automobile, licenci√© par Ford, porte-parole du NPA et candidat √† la pr√©sidentielle de 2022.",180494,"5700 lits et 25 √©tablissements de sant√© ferm√©s en 2020: r√©sultat des politiques ultra-lib√©rales du gouvernement, en pleine pand√©mie. Les conditions d'accueil et de travail se d√©gradent: il faut rouvrir des lits, embaucher et augmenter les salaires ! Nos vies, pas leurs profits ! https://t.co/nPHHzm2Jbh",1443165566680829957,1439,530,,,False,False,,,2021-09-29 10:47:38
Philippe Poutou,"Ouvrier dans l'automobile, licenci√© par Ford, porte-parole du NPA et candidat √† la pr√©sidentielle de 2022.",180494,"RT @EnLuttes: #Bordeaux En Luttes
Suite C.-R. du Conseil de M√©tropole 23/09/2021.
Avons d√©nonc√© :
‚ñ∫ hypocrisie sur l'#Afghanistan alors que‚Ä¶",1443099098907881472,0,2,,EnLuttes,True,False,"Bordeaux, Afghanistan",,2021-09-29 06:23:31
Philippe Poutou,"Ouvrier dans l'automobile, licenci√© par Ford, porte-parole du NPA et candidat √† la pr√©sidentielle de 2022.",180494,"""#Lubrizol coupable, √©tat complice"" c'est le slogan qu'ont scand√© des centaines manifestantEs lors du d√©fil√© du 26/09/21 √† #Rouen pour les 2 ans de la catastrophe #√©cologique dont les fum√©es toxiques ont pollu√© une grande partie de la ville et les terres agricoles de la r√©gion. https://t.co/M9jiQcYhm6",1442428873774338052,167,52,,,False,False,"Lubrizol, Rouen, √©cologique",,2021-09-27 10:00:17
Philippe Poutou,"Ouvrier dans l'automobile, licenci√© par Ford, porte-parole du NPA et candidat √† la pr√©sidentielle de 2022.",180494,"Ce dimanche √† Bordeaux : rassemblement de soutien √† la population Afghane victime de la terrible dictature des talibans, aux femmes afghanes qui perdent tous leurs droits, enferm√©es, emprisonn√©es. La r√©ponse minimale en Europe, c‚Äôest l‚Äôaccueil sans limite de tous les r√©fugi√©-es. https://t.co/xyFzlBDgYU",1441795446083440641,263,40,,,False,False,,,2021-09-25 16:03:16
Philippe Poutou,"Ouvrier dans l'automobile, licenci√© par Ford, porte-parole du NPA et candidat √† la pr√©sidentielle de 2022.",180494,"Une autre fa√ßon de d√©battre, un autre style... (2) https://t.co/FI8NoBOiVo",1441113404840710151,5663,789,,,False,False,,,2021-09-23 18:53:04
Philippe Poutou,"Ouvrier dans l'automobile, licenci√© par Ford, porte-parole du NPA et candidat √† la pr√©sidentielle de 2022.",180494,"Une autre fa√ßon de d√©battre, un autre style... (1) https://t.co/FJfSZwijB3",1441113253455663108,3775,510,,,False,False,,,2021-09-23 18:52:28
Philippe Poutou,"Ouvrier dans l'automobile, licenci√© par Ford, porte-parole du NPA et candidat √† la pr√©sidentielle de 2022.",180494,"[Communiqu√© du NPA]
""Le combat pour obtenir la condamnation des auteurs du crime industriel et de l‚Äô√âtat complice est encore long, et la manifestation organis√©e dimanche 26 septembre √† Rouen doit y contribuer. Le NPA et Philippe Poutou y seront pr√©sents.""

https://t.co/rOLFKJxcld",1441032201974554629,42,14,,,False,False,,,2021-09-23 13:30:24
Philippe Poutou,"Ouvrier dans l'automobile, licenci√© par Ford, porte-parole du NPA et candidat √† la pr√©sidentielle de 2022.",180494,"[Communiqu√© du NPA] 
""Nous remarquons que la l√©gitimit√© de Philippe Poutou est bien r√©elle, et que les maires le connaissent touTEs. Cela rend d‚Äôautant plus √©tonnante la tr√®s faible pr√©sence de notre candidat dans les m√©dias.""

https://t.co/pIty4PHHbu",1441025048320565251,161,36,,,False,False,,,2021-09-23 13:01:59
Philippe Poutou,"Ouvrier dans l'automobile, licenci√© par Ford, porte-parole du NPA et candidat √† la pr√©sidentielle de 2022.",180494,"Soutien √† la mobilisation du personnel de l‚Äô√©ducation nationale (ici Bordeaux) : contre Blanquer et la politique n√©faste du gouvernement. Contre la d√©gradation des conditions de travail et la pr√©carit√©, pour des moyens et recrutements, pour un vrai service public de l‚Äô√©ducation. https://t.co/wQgfEgrE0E",1440974528667062276,142,23,,,False,False,,,2021-09-23 09:41:14
Philippe Poutou,"Ouvrier dans l'automobile, licenci√© par Ford, porte-parole du NPA et candidat √† la pr√©sidentielle de 2022.",180494,"¬´‚ÄâD√©battre‚Äâ¬ª avec Zemmour, vraiment‚Äâ? 
via @Lanticapitalis1 

¬´‚ÄâC‚Äôest comme se battre avec un porc. Vous finissez tous les deux couverts de boue. Et le porc est content.‚Äâ¬ª

https://t.co/k7OmocOmmj",1440964018886283264,573,146,,Lanticapitalis1,False,False,,,2021-09-23 08:59:28
Philippe Poutou,"Ouvrier dans l'automobile, licenci√© par Ford, porte-parole du NPA et candidat √† la pr√©sidentielle de 2022.",180494,"RT @NPA_LGBTI: L‚Äôextr√™me-droite, pire ennemie des LGBTI. H√©t√©roflics, hors de nos vies !",1440651404524150790,0,32,,NPA_LGBTI,True,True,,,2021-09-22 12:17:15
Philippe Poutou,"Ouvrier dans l'automobile, licenci√© par Ford, porte-parole du NPA et candidat √† la pr√©sidentielle de 2022.",180494,"Soutien √† notre ami @T_Bouhafs qui fait l‚Äôobjet depuis hier de milliers d‚Äôinsultes racistes et de menaces de l‚Äôextr√™me droite. 
Il est en premi√®re ligne contre les fachos, par son travail, par ce qu‚Äôil incarne. Soutenons le !
#TahaNestPasSeul",1439298058290974727,10228,2243,,T_Bouhafs,False,False,TahaNestPasSeul,,2021-09-18 18:39:32
Philippe Poutou,"Ouvrier dans l'automobile, licenci√© par Ford, porte-parole du NPA et candidat √† la pr√©sidentielle de 2022.",180494,"RT @juliensalingue: Mon nom figurant parmi ceux des centaines d‚Äô¬†¬´¬†islamo-gauchistes¬†¬ª fich√©s par @F_Desouche, je me r√©serve la possibilit√©‚Ä¶",1438868049625497600,0,96,,"juliensalingue, F_Desouche",True,True,,,2021-09-17 14:10:50
Philippe Poutou,"Ouvrier dans l'automobile, licenci√© par Ford, porte-parole du NPA et candidat √† la pr√©sidentielle de 2022.",180494,"Macron veut doubler la pr√©sence des policiers ? Bizarre car on en voit d√©j√† trop. A choisir on pr√©f√®re largement (c‚Äôest peu dire) doubler le personnel soignant et enseignant, doubler la pr√©sence des h√¥pitaux, √©coles, bureaux de postes, transports en commun, logements sociaux...",1438142954942746633,15607,3219,,,False,False,,,2021-09-15 14:09:34
Philippe Poutou,"Ouvrier dans l'automobile, licenci√© par Ford, porte-parole du NPA et candidat √† la pr√©sidentielle de 2022.",180494,"Et pendant ce temps-l√†, certains, m√™me √† gauche, nous expliquent qu‚Äôil ne faut surtout pas dire du mal de la police. https://t.co/rBvFnF6d8x",1437862340377120775,6557,1603,,,False,False,,,2021-09-14 19:34:30
Philippe Poutou,"Ouvrier dans l'automobile, licenci√© par Ford, porte-parole du NPA et candidat √† la pr√©sidentielle de 2022.",180494,"RT @MayaValka: Retrouvez l'interview de @ArnaultRaphael par @PhilippePoutou par ici ‚úåÔ∏èü§ù
 https://t.co/uS1zrUybo5

#StopExtr√™meDroite",1437477381057429506,0,18,,"MayaValka, ArnaultRaphael, PhilippePoutou",True,False,StopExtr√™meDroite,":victory_hand:, :handshake:",2021-09-13 18:04:49
Philippe Poutou,"Ouvrier dans l'automobile, licenci√© par Ford, porte-parole du NPA et candidat √† la pr√©sidentielle de 2022.",180494,"Retour sur l‚Äôattaque d‚Äôun groupuscule d‚Äôextr√™me droite √† l‚Äôencontre du camarade @ArnaultRaphael de la Jeune Garde Lyon √† qui nous adressons tout notre soutien. 
Pas de quartier pour les fachos, pas de fachos dans nos quartiers! #NoPasaran  
https://t.co/KBAlgmqZvz",1437474970528063489,805,138,,ArnaultRaphael,False,False,NoPasaran,,2021-09-13 17:55:14
Philippe Poutou,"Ouvrier dans l'automobile, licenci√© par Ford, porte-parole du NPA et candidat √† la pr√©sidentielle de 2022.",180494,S√©ance recollage √† Bordeaux (2) https://t.co/coQrSGM0XC,1437150950876143626,14341,2711,,,False,False,,,2021-09-12 20:27:42
Philippe Poutou,"Ouvrier dans l'automobile, licenci√© par Ford, porte-parole du NPA et candidat √† la pr√©sidentielle de 2022.",180494,S√©ance recollage √† Bordeaux (1) https://t.co/jz0kgAHCFu,1437150806537560070,9597,2176,,,False,False,,,2021-09-12 20:27:07
Philippe Poutou,"Ouvrier dans l'automobile, licenci√© par Ford, porte-parole du NPA et candidat √† la pr√©sidentielle de 2022.",180494,"Soutien √† @ArnaultRaphael, √† la Jeune Garde et √† tou‚Ä¢te‚Ä¢s  les antifascistes ! https://t.co/atqZACaiEg",1436024855707766787,913,171,,ArnaultRaphael,False,True,,,2021-09-09 17:53:00
Philippe Poutou,"Ouvrier dans l'automobile, licenci√© par Ford, porte-parole du NPA et candidat √† la pr√©sidentielle de 2022.",180494,Soutien aux camarades syndicalistes Mehdi et Yoann menac√©s de licenciement pour avoir d√©nonc√© le racisme dans leur entreprise (Stef). D√©cision de l‚Äôinspection du travail ce lundi 6 septembre qui peut/doit refuser une d√©cision patronale si injuste et incroyable. Solidarit√©. https://t.co/ivhde3Kxw4,1434596622223220737,335,115,,,False,False,,,2021-09-05 19:17:42
Philippe Poutou,"Ouvrier dans l'automobile, licenci√© par Ford, porte-parole du NPA et candidat √† la pr√©sidentielle de 2022.",180494,"Le gouvernement fait encore un cadeau √† la police en lui payant les voyages en train. Entre autres probl√®mes, exigeons la gratuit√© des transports pour toutes et tous. C‚Äôest une question de justice sociale et n√©cessaire pour la protection de l‚Äôenvironnement. Et c‚Äôest possible !",1434229334345138178,6908,1338,,,False,False,,,2021-09-04 18:58:14
Philippe Poutou,"Ouvrier dans l'automobile, licenci√© par Ford, porte-parole du NPA et candidat √† la pr√©sidentielle de 2022.",180494,"#Rentr√©e2021

Une longue s√©quence qui nous conduira jusqu‚Äô√† l‚Äô#ElectionPr√©sidentielle : un pr√©sident carbonis√© mais qui, toujours √† l‚Äôoffensive, veut rester le meilleur repr√©sentant de ses amis capitalistes

https://t.co/aPPa5J7tzR",1433089885016141826,36,6,,,False,False,"Rentr√©e2021, ElectionPr√©sidentielle",,2021-09-01 15:30:28
Philippe Poutou,"Ouvrier dans l'automobile, licenci√© par Ford, porte-parole du NPA et candidat √† la pr√©sidentielle de 2022.",180494,"Philippe Poutou : ¬´¬†on est pour une √©cologie radicale et anticapitaliste, qui pose la question de l‚Äôexpropriation !¬†¬ª

https://t.co/5bVS01m0hR",1429536285140660229,280,62,,,False,False,,,2021-08-22 20:09:44
Philippe Poutou,"Ouvrier dans l'automobile, licenci√© par Ford, porte-parole du NPA et candidat √† la pr√©sidentielle de 2022.",180494,"Ari√© Alimi : ¬´¬†on peut mettre √† bas un syst√®me qui restreint nos libert√©s.¬†¬ª

https://t.co/0xodNWO6vN",1429526301409488902,31,8,,,False,False,,,2021-08-22 19:30:04
Philippe Poutou,"Ouvrier dans l'automobile, licenci√© par Ford, porte-parole du NPA et candidat √† la pr√©sidentielle de 2022.",180494,"Pauline, travailleuse au CHU de Toulouse : ¬´¬†Nous ne pouvons pas accepter que les patients n‚Äôaient pas acc√®s aux soins parce qu‚Äôils n‚Äôont pas de pass sanitaire !¬†¬ª

https://t.co/KlhgxniRzo",1429524234422861826,214,79,,,False,False,,,2021-08-22 19:21:51
Philippe Poutou,"Ouvrier dans l'automobile, licenci√© par Ford, porte-parole du NPA et candidat √† la pr√©sidentielle de 2022.",180494,"[Communiqu√© du @NPA_officiel]
""Les fronti√®res doivent √™tre ouvertes, l‚Äôaccueil doit √™tre inconditionnel et la traque aux r√©fugi√©¬∑e¬∑s d√©j√† pr√©sents sur le territoire doit cesser. Solidarit√© avec les peuples d‚ÄôAfghanistan ! De l‚Äôair, ouvrez les fronti√®res !""
https://t.co/IJUYRvj3Jl",1428992445077917698,183,42,,NPA_officiel,False,False,,,2021-08-21 08:08:42
Philippe Poutou,"Ouvrier dans l'automobile, licenci√© par Ford, porte-parole du NPA et candidat √† la pr√©sidentielle de 2022.",180494,"¬´¬†Nous prot√©ger¬†¬ª ? Quel cynisme, quelle honte. Macron, l‚Äôennemi des peuples et l‚Äôami des puissants, parle le langage de l‚Äôextr√™me droite et pi√©tine les droits des r√©fugi√©s. Il y a urgence √† se mobiliser : de l‚Äôair, ouvrez les fronti√®res ! https://t.co/U8Q4ybb0fK",1427574129318846502,5798,1249,,,False,True,,,2021-08-17 10:12:50
Philippe Poutou,"Ouvrier dans l'automobile, licenci√© par Ford, porte-parole du NPA et candidat √† la pr√©sidentielle de 2022.",180494,#Poutou2022 https://t.co/j0Waox6dKw,1422248437626638336,3056,434,,,False,False,Poutou2022,,2021-08-02 17:30:26
Philippe Poutou,"Ouvrier dans l'automobile, licenci√© par Ford, porte-parole du NPA et candidat √† la pr√©sidentielle de 2022.",180494,#Poutou2022 https://t.co/Al38Vr02cJ,1421885997118377985,143,19,,,False,False,Poutou2022,,2021-08-01 17:30:13
